alpha,FlowCIT,FCIT,PDC,CDC,DGCIT
-0.1,0.99,0.07,0.81,0.69,1.0
-0.05,0.72,0.06,0.6,0.27,1.0
0.0,0.06,0.03,0.45,0.12,1.0
0.05,0.8214285714285714,0.0,0.42857142857142855,0.25,1.0
0.1,1.0,0.08108108108108109,0.8108108108108109,0.9459459459459459,1.0
